"","Cell_ID","Barcode_sequence","mean_Illumina_score"
"24922","GGGTGAACAGCGACCT","GGTATGCGGATGCAATCTCCGGGG",37
"51716","GTGAGGAGTCTACAAC","GGTATGCGGATGCAATCCGGGG",37
"51717","GTGAGGAGTCTACAAC","GGTATGCGGATGCAATCCGGGG",36.5714285714286
"83072","TCAAGCAAGTATGAAC","GGTATGCGGATGCAATCTCCGGGG",37
"83073","TCAAGCAAGTATGAAC","GGTATGCGGATGCGGGG",37
"83074","TCAAGCAAGTATGAAC","GGTATGCGGATGCAATCTCCGGGG",37
"128681","TGGAGAGCACGCTATA","GGTATGCGGATGCAATCTCCGGGG",37
"128682","TGGAGAGCACGCTATA","GGTATGCGGATGCAATCTCCGGGG",37
"128683","TGGAGAGCACGCTATA","GGTATGCGGATGCAATCTCCGGGG",32.0666666666667
"128684","TGGAGAGCACGCTATA","GGTATGCGGATGCAATCTCCGGGG",37
"128685","TGGAGAGCACGCTATA","GGTATGCGGATGCAATCTCCGGGG",36.1333333333333
"128686","TGGAGAGCACGCTATA","GGTATGCGGATGCAATCTCCGGGG",35.7333333333333
"128687","TGGAGAGCACGCTATA","GGTATGCGGATGCAATCTCCGGGG",34.5333333333333
"128688","TGGAGAGCACGCTATA","GGTATGCGGATGCAATCTCCGGGG",37
"128689","TGGAGAGCACGCTATA","GGTATGCGGATGCAATCTCCGGGG",28.4666666666667
"128690","TGGAGAGCACGCTATA","GGTATGCGGATGCAATCTCCGGGG",37
"128691","TGGAGAGCACGCTATA","GGTATGCGGATGCAATCTCCGGGG",37
"128692","TGGAGAGCACGCTATA","GGTATGCGGATGCAATCTCCGGGG",35.7333333333333
"128693","TGGAGAGCACGCTATA","GGTATGCGGATGCAATCTCCGGGG",37
"128694","TGGAGAGCACGCTATA","GGTATGCGGATGCAATCTCCGGGG",33.6
"128695","TGGAGAGCACGCTATA","GGTATGCGGATGCAATCTCCGGGG",30.2666666666667
"128696","TGGAGAGCACGCTATA","GGTATGCGGATGCAATCTCCGGGG",37
"128697","TGGAGAGCACGCTATA","GGTATGCGGATGCAATCTCCGGGG",35.3333333333333
"128698","TGGAGAGCACGCTATA","GGTATGCGGATGCAATCTCCGGGG",37
"128699","TGGAGAGCACGCTATA","GGTATGCGGATGCAATCTCCGGGG",34.6
"128700","TGGAGAGCACGCTATA","GGTATGCGGATGCAATCTCCGGGG",32.7333333333333
"128701","TGGAGAGCACGCTATA","GGTATGCGGATGCAATCTCCGGGG",36.2
"128702","TGGAGAGCACGCTATA","GGTATGCGGATGCAATCTCCGGGG",36.6
"128703","TGGAGAGCACGCTATA","GGTATGCGGATGCAATCTCCGGGG",36.6
"128704","TGGAGAGCACGCTATA","GGTATGCGGATGCAATCTCCGGGG",34.5333333333333
"128705","TGGAGAGCACGCTATA","GGTATGCGGATGCAATCTCCGGGG",37
"128706","TGGAGAGCACGCTATA","GGTATGCGGATGCAATCTCCGGGG",35
"128707","TGGAGAGCACGCTATA","GGTATGCGGATGCAATCTCCGGGG",34.9333333333333
"128708","TGGAGAGCACGCTATA","GGTATGCGGATGCAATCTCCGGGG",31.5333333333333
"128709","TGGAGAGCACGCTATA","GGTATGCGGATGCAATCTCCGGGG",36.6
"128710","TGGAGAGCACGCTATA","GGTATGCGGATGCAATCTCCGGGG",34
"128711","TGGAGAGCACGCTATA","GGTATGCGGATGCAATCTCCGGGG",29.4
"128712","TGGAGAGCACGCTATA","GGTATGCGGATGCAATCTCCGGGG",37
"128713","TGGAGAGCACGCTATA","GGTATGCGGATGCAATCTCCGGGG",35.3333333333333
"128714","TGGAGAGCACGCTATA","GGTATGCGGATGCAATCTCCGGGG",35.3333333333333
"128715","TGGAGAGCACGCTATA","GGTATGCGGATGCAATCTCCGGGG",36.1333333333333
"128716","TGGAGAGCACGCTATA","GGTATGCGGATGCAATCTCCGGGG",36.6
"128717","TGGAGAGCACGCTATA","GGTATGCGGATGCAATCTCCGGGG",37
"128718","TGGAGAGCACGCTATA","GGTATGCGGATGCAATCTCCGGGG",36.6
"128719","TGGAGAGCACGCTATA","GGTATGCGGATGCAATCTCCGGGG",36.2
"128720","TGGAGAGCACGCTATA","GGTATGCGGATGCAATCTCCGGGG",37
"128721","TGGAGAGCACGCTATA","GGTATGCGGATGCAATCTCCGGGG",35.7333333333333
"128722","TGGAGAGCACGCTATA","GGTATGCGGATGCAATCTCCGGGG",37
"128723","TGGAGAGCACGCTATA","GGTATGCGGATGCAATCTCCGGGG",35.8
"128724","TGGAGAGCACGCTATA","GGTATGCGGATGCAATCTCCGGGG",36.6
"128725","TGGAGAGCACGCTATA","GGTATGCGGATGCAATCTCCGGGG",37
"128726","TGGAGAGCACGCTATA","GGTATGCGGATGCAATCTCCGGGG",34.9333333333333
"128727","TGGAGAGCACGCTATA","GGTATGCGGATGCAATCTCCGGGG",36.2
"128728","TGGAGAGCACGCTATA","GGTATGCGGATGCAATCTCCGGGG",36.2
"128729","TGGAGAGCACGCTATA","GGTATGCGGATGCAATCTCCGGGG",37
"128730","TGGAGAGCACGCTATA","GGTATGCGGATGCAATCTCCGGGG",33.7333333333333
"128731","TGGAGAGCACGCTATA","GGTATGCGGATGCAATCTCCGGGG",32.8
"128732","TGGAGAGCACGCTATA","GGTATGCGGATGCAATCTCCGGGG",35.3333333333333
"128733","TGGAGAGCACGCTATA","GGTATGCGGATGCAATCTCCGGGG",34.4666666666667
"128734","TGGAGAGCACGCTATA","GGTATGCGGATGCAATCTCCGGGG",36.2
"128735","TGGAGAGCACGCTATA","GGTATGCGGATGCAATCTCCGGGG",36.6
"128736","TGGAGAGCACGCTATA","GGTATGCGGATGCAATCTCCGGGG",35.8
"128737","TGGAGAGCACGCTATA","GGTATGCGGATGCAATCTCCGGGG",37
"128738","TGGAGAGCACGCTATA","GGTATGCGGATGCAATCTCCGGGG",36.1333333333333
"128739","TGGAGAGCACGCTATA","GGTATGCGGATGCAATCTCCGGGG",37
"128740","TGGAGAGCACGCTATA","GGTATGCGGATGCAATCTCCGGGG",36.1333333333333
"128741","TGGAGAGCACGCTATA","GGTATGCGGATGCAATCTCCGGGG",36.6
"128742","TGGAGAGCACGCTATA","GGTATGCGGATGCAATCTCCGGGG",36.6
"128743","TGGAGAGCACGCTATA","GGTATGCGGATGCAATCTCCGGGG",36.6
"128744","TGGAGAGCACGCTATA","GGTATGCGGATGCAATCTCCGGGG",36.6
"128745","TGGAGAGCACGCTATA","GGTATGCGGATGCAATCTCCGGGG",32.9333333333333
"128746","TGGAGAGCACGCTATA","GGTATGCGGATGCAATCTCCGGGG",32.4666666666667
"128747","TGGAGAGCACGCTATA","GGTATGCGGATGCAATCTCCGGGG",33.6666666666667
"128748","TGGAGAGCACGCTATA","GGTATGCGGATGCAATCTCCGGGG",36.6
"128749","TGGAGAGCACGCTATA","GGTATGCGGATGCAATCTCCGGGG",36.2
"128750","TGGAGAGCACGCTATA","GGTATGCGGATGCAATCTCCGGGG",36.6
"128751","TGGAGAGCACGCTATA","GGTATGCGGATGCAATCTCCGGGG",37
"128752","TGGAGAGCACGCTATA","GGTATGCGGATGCAATCTCCGGGG",37
"128753","TGGAGAGCACGCTATA","GGTATGCGGATGCAATCTCCGGGG",36.6
"128754","TGGAGAGCACGCTATA","GGTATGCGGATGCAATCTCCGGGG",36.6
"128755","TGGAGAGCACGCTATA","GGTATGCGGATGCAATCTCCGGGG",37
"128756","TGGAGAGCACGCTATA","GGTATGCGGATGCAATCTCCGGGG",37
"128757","TGGAGAGCACGCTATA","GGTATGCGGATGCAATCTCCGGGG",36.1333333333333
"128758","TGGAGAGCACGCTATA","GGTATGCGGATGCAATCTCCGGGG",37
"128759","TGGAGAGCACGCTATA","GGTATGCGGATGCAATCTCCGGGG",34.0666666666667
"128760","TGGAGAGCACGCTATA","GGTATGCGGATGCAATCTCCGGGG",37
"128761","TGGAGAGCACGCTATA","GGTATGCGGATGCAATCTCCGGGG",37
"128762","TGGAGAGCACGCTATA","GGTATGCGGATGCAATCTCCGGGG",36.6
"128763","TGGAGAGCACGCTATA","GGTATGCGGATGCAATCTCCGGGG",37
"128764","TGGAGAGCACGCTATA","GGTATGCGGATGCAATCTCCGGGG",37
"128765","TGGAGAGCACGCTATA","GGTATGCGGATGCAATCTCCGGGG",30.6
"128766","TGGAGAGCACGCTATA","GGTATGCGGATGCAATCTCCGGGG",37
"128767","TGGAGAGCACGCTATA","GGTATGCGGATGCAATCTCCGGGG",36.6
"128768","TGGAGAGCACGCTATA","GGTATGCGGATGCAATCTCCGGGG",37
"128769","TGGAGAGCACGCTATA","GGTATGCGGATGCAATCTCCGGGG",36.6
"128770","TGGAGAGCACGCTATA","GGTATGCGGATGCAATCTCCGGGG",37
"128771","TGGAGAGCACGCTATA","GGTATGCGGATGCAATCTCCGGGG",37
"128772","TGGAGAGCACGCTATA","GGTATGCGGATGCAATCTCCGGGG",35.8
"128773","TGGAGAGCACGCTATA","GGTATGCGGATGCAATCTCCGGGG",37
"128774","TGGAGAGCACGCTATA","GGTATGCGGATGCAATCTCCGGGG",36.6
"128775","TGGAGAGCACGCTATA","GGTATGCGGATGCAATCTCCGGGG",36.6
"128776","TGGAGAGCACGCTATA","GGTATGCGGATGCAATCTCCGGGG",36.2
"128777","TGGAGAGCACGCTATA","GGTATGCGGATGCAATCTCCGGGG",34.5333333333333
"128778","TGGAGAGCACGCTATA","GGTATGCGGATGCAATCTCCGGGG",37
"128779","TGGAGAGCACGCTATA","GGTATGCGGATGCAATCTCCGGGG",37
"128780","TGGAGAGCACGCTATA","GGTATGCGGATGCAATCTCCGGGG",37
"128781","TGGAGAGCACGCTATA","GGTATGCGGATGCAATCTCCGGGG",37
"128782","TGGAGAGCACGCTATA","GGTATGCGGATGCAATCTCCGGGG",36.6
"128783","TGGAGAGCACGCTATA","GGTATGCGGATGCAATCTCCGGGG",32
"128784","TGGAGAGCACGCTATA","GGTATGCGGATGCAATCTCCGGGG",37
"128785","TGGAGAGCACGCTATA","GGTATGCGGATGCAATCTCCGGGG",36.2
"128786","TGGAGAGCACGCTATA","GGTATGCGGATGCAATCTCCGGGG",34.6
"128787","TGGAGAGCACGCTATA","GGTATGCGGATGCAATCTCCGGGG",37
"128788","TGGAGAGCACGCTATA","GGTATGCGGATGCAATCTCCGGGG",36.6
"128789","TGGAGAGCACGCTATA","GGTATGCGGATGCAATCTCCGGGG",37
"128790","TGGAGAGCACGCTATA","GGTATGCGGATGCAATCTCCGGGG",33.6
"128791","TGGAGAGCACGCTATA","GGTATGCGGATGCAATCTCCGGGG",34.5333333333333
"128792","TGGAGAGCACGCTATA","GGTATGCGGATGCAATCTCCGGGG",33.6
"128793","TGGAGAGCACGCTATA","GGTATGCGGATGCAATCTCCGGGG",37
"128794","TGGAGAGCACGCTATA","GGTATGCGGATGCAATCTCCGGGG",32.8
"128795","TGGAGAGCACGCTATA","GGTATGCGGATGCAATCTCCGGGG",29.8666666666667
"128796","TGGAGAGCACGCTATA","GGTATGCGGATGCAATCTCCGGGG",37
"128797","TGGAGAGCACGCTATA","GGTATGCGGATGCAATCTCCGGGG",37
"128798","TGGAGAGCACGCTATA","GGTATGCGGATGCAATCTCCGGGG",34.0666666666667
"128799","TGGAGAGCACGCTATA","GGTATGCGGATGCAATCTCCGGGG",32.0666666666667
"128800","TGGAGAGCACGCTATA","GGTATGCGGATGCAATCTCCGGGG",36.6
"128801","TGGAGAGCACGCTATA","GGTATGCGGATGCAATCTCCGGGG",35.7333333333333
"128802","TGGAGAGCACGCTATA","GGTATGCGGATGCAATCTCCGGGG",34.5333333333333
"128803","TGGAGAGCACGCTATA","GGTATGCGGATGCAATCTCCGGGG",36.6
"128804","TGGAGAGCACGCTATA","GGTATGCGGATGCAATCTCCGGGG",30.6666666666667
"128805","TGGAGAGCACGCTATA","GGTATGCGGATGCAATCTCCGGGG",37
"128806","TGGAGAGCACGCTATA","GGTATGCGGATGCAATCTCCGGGG",37
"128807","TGGAGAGCACGCTATA","GGTATGCGGATGCAATCTCCGGGG",36.6
"128808","TGGAGAGCACGCTATA","GGTATGCGGATGCAATCTCCGGGG",37
"128809","TGGAGAGCACGCTATA","GGTATGCGGATGCAATCTCCGGGG",37
"128810","TGGAGAGCACGCTATA","GGTATGCGGATGCAATCTCCGGGG",35.8
"128811","TGGAGAGCACGCTATA","GGTATGCGGATGCAATCTCCGGGG",37
"128812","TGGAGAGCACGCTATA","GGTATGCGGATGCAATCTCCGGGG",37
"128813","TGGAGAGCACGCTATA","GGTATGCGGATGCAATCTCCGGGG",31.8666666666667
"128814","TGGAGAGCACGCTATA","GGTATGCGGATGCAATCTCCGGGG",36.2
"128815","TGGAGAGCACGCTATA","GGTATGCGGATGCAATCTCCGGGG",37
"128816","TGGAGAGCACGCTATA","GGTATGCGGATGCAATCTCCGGGG",37
"128817","TGGAGAGCACGCTATA","GGTATGCGGATGCAATCTCCGGGG",31.2
"128818","TGGAGAGCACGCTATA","GGTATGCGGATGCAATCTCCGGGG",37
"128819","TGGAGAGCACGCTATA","GGTATGCGGATGCAATCTCCGGGG",34.6
"128820","TGGAGAGCACGCTATA","GGTATGCGGATGCAATCTCCGGGG",36.6
"128821","TGGAGAGCACGCTATA","GGTATGCGGATGCAATCTCCGGGG",36.6
"128822","TGGAGAGCACGCTATA","GGTATGCGGATGCAATCTCCGGGG",34.4666666666667
"128823","TGGAGAGCACGCTATA","GGTATGCGGATGCAATCTCCGGGG",33.6
"128824","TGGAGAGCACGCTATA","GGTATGCGGATGCAATCTCCGGGG",36.6
"128825","TGGAGAGCACGCTATA","GGTATGCGGATGCAATCTCCGGGG",36.6
"128826","TGGAGAGCACGCTATA","GGTATGCGGATGCAATCTCCGGGG",28.9333333333333
"128827","TGGAGAGCACGCTATA","GGTATGCGGATGCAATCTCCGGGG",37
"128828","TGGAGAGCACGCTATA","GGTATGCGGATGCAATCTCCGGGG",37
"128829","TGGAGAGCACGCTATA","GGTATGCGGATGCAATCTCCGGGG",36.2
"128830","TGGAGAGCACGCTATA","GGTATGCGGATGCAATCTCCGGGG",32.8666666666667
"128831","TGGAGAGCACGCTATA","GGTATGCGGATGCAATCTCCGGGG",30.2
"128832","TGGAGAGCACGCTATA","GGTATGCGGATGCAATCTCCGGGG",35.7333333333333
"128833","TGGAGAGCACGCTATA","GGTATGCGGATGCAATCTCCGGGG",36.2
"128834","TGGAGAGCACGCTATA","GGTATGCGGATGCAATCTCCGGGG",37
"128835","TGGAGAGCACGCTATA","GGTATGCGGATGCAATCTCCGGGG",36.6
"128836","TGGAGAGCACGCTATA","GGTATGCGGATGCAATCTCCGGGG",34.0666666666667
"128837","TGGAGAGCACGCTATA","GGTATGCGGATGCAATCTCCGGGG",36.1333333333333
"128838","TGGAGAGCACGCTATA","GGTATGCGGATGCAATCTCCGGGG",36.1333333333333
"128839","TGGAGAGCACGCTATA","GGTATGCGGATGCAATCTCCGGGG",35.8
"128840","TGGAGAGCACGCTATA","GGTATGCGGATGCAATCTCCGGGG",35.8
"128841","TGGAGAGCACGCTATA","GGTATGCGGATGCAATCTCCGGGG",35.3333333333333
"128842","TGGAGAGCACGCTATA","GGTATGCGGATGCAATCTCCGGGG",30.6
"128843","TGGAGAGCACGCTATA","GGTATGCGGATGCAATCTCCGGGG",37
"128844","TGGAGAGCACGCTATA","GGTATGCGGATGCAATCTCCGGGG",37
"128845","TGGAGAGCACGCTATA","GGTATGCGGATGCAATCTCCGGGG",32.3333333333333
"128846","TGGAGAGCACGCTATA","GGTATGCGGATGCAATCTCCGGGG",35
"128847","TGGAGAGCACGCTATA","GGTATGCGGATGCAATCTCCGGGG",35
"128848","TGGAGAGCACGCTATA","GGTATGCGGATGCAATCTCCGGGG",36.6
"128849","TGGAGAGCACGCTATA","GGTATGCGGATGCAATCTCCGGGG",37
"128850","TGGAGAGCACGCTATA","GGTATGCGGATGCAATCTCCGGGG",36.6
"128851","TGGAGAGCACGCTATA","GGTATGCGGATGCAATCTCCGGGG",29.8666666666667
"128852","TGGAGAGCACGCTATA","GGTATGCGGATGCAATCTCCGGGG",31.9333333333333
"128853","TGGAGAGCACGCTATA","GGTATGCGGATGCAATCTCCGGGG",37
"128854","TGGAGAGCACGCTATA","GGTATGCGGATGCAATCTCCGGGG",37
"128855","TGGAGAGCACGCTATA","GGTATGCGGATGCAATCTCCGGGG",37
"128856","TGGAGAGCACGCTATA","GGTATGCGGATGCAATCTCCGGGG",36.2
"128857","TGGAGAGCACGCTATA","GGTATGCGGATGCAATCTCCGGGG",37
"128858","TGGAGAGCACGCTATA","GGTATGCGGATGCAATCTCCGGGG",37
"128859","TGGAGAGCACGCTATA","GGTATGCGGATGCAATCTCCGGGG",36.2
"128860","TGGAGAGCACGCTATA","GGTATGCGGATGCAATCTCCGGGG",37
"128861","TGGAGAGCACGCTATA","GGTATGCGGATGCAATCTCCGGGG",31.4666666666667
"128862","TGGAGAGCACGCTATA","GGTATGCGGATGCAATCTCCGGGG",36.6
"128863","TGGAGAGCACGCTATA","GGTATGCGGATGCAATCTCCGGGG",34.9333333333333
"128864","TGGAGAGCACGCTATA","GGTATGCGGATGCAATCTCCGGGG",34.9333333333333
"128865","TGGAGAGCACGCTATA","GGTATGCGGATGCAATCTCCGGGG",37
"128866","TGGAGAGCACGCTATA","GGTATGCGGATGCAATCTCCGGGG",37
"128867","TGGAGAGCACGCTATA","GGTATGCGGATGCAATCTCCGGGG",37
"128868","TGGAGAGCACGCTATA","GGTATGCGGATGCAATCTCCGGGG",37
"128869","TGGAGAGCACGCTATA","GGTATGCGGATGCAATCTCCGGGG",37
"128870","TGGAGAGCACGCTATA","GGTATGCGGATGCAATCTCCGGGG",37
"128871","TGGAGAGCACGCTATA","GGTATGCGGATGCAATCTCCGGGG",32
"128872","TGGAGAGCACGCTATA","GGTATGCGGATGCAATCTCCGGGG",29.4
"128873","TGGAGAGCACGCTATA","GGTATGCGGATGCAATCTCCGGGG",35.8
"128874","TGGAGAGCACGCTATA","GGTATGCGGATGCAATCTCCGGGG",33.3333333333333
"128875","TGGAGAGCACGCTATA","GGTATGCGGATGCAATCTCCGGGG",37
"128876","TGGAGAGCACGCTATA","GGTATGCGGATGCAATCTCCGGGG",37
"128877","TGGAGAGCACGCTATA","GGTATGCGGATGCAATCTCCGGGG",35.7333333333333
"128878","TGGAGAGCACGCTATA","GGTATGCGGATGCAATCTCCGGGG",37
"128879","TGGAGAGCACGCTATA","GGTATGCGGATGCAATCTCCGGGG",36.6
"145159","TTCCTCTAGCGTATGG","GGTATGCGGATGCAATCTCCGGGG",37
"145160","TTCCTCTAGCGTATGG","GGTATGCGGATGCAATCTCCGGGG",36.1333333333333
"145161","TTCCTCTAGCGTATGG","GGTATGCGGATGCAATCTTCCGGGG",33.3870967741936
"145162","TTCCTCTAGCGTATGG","GGTATGCGGATGCAATCTTCCGGGG",37
"145163","TTCCTCTAGCGTATGG","GGTATGCGGATGCAATCTTCCGGGG",32.5483870967742
"180189","AGGAATAAGACTGGGT","GGTATGCGGATGCAATCTCCGGGG",37
"180190","AGGAATAAGACTGGGT","GGTATGCGGATGCAATCCGGGG",37
"180191","AGGAATAAGACTGGGT","GGTATGCGGATGCAATCCGGGG",34.7857142857143
"180192","AGGAATAAGACTGGGT","GGTATGCGGATGCAATCTCCGGGG",31.5333333333333
"180193","AGGAATAAGACTGGGT","GGTATGCGGATGCAATCTCCGGGG",35.7333333333333
"180194","AGGAATAAGACTGGGT","GGTATGCGGATGCAATCTCCGGGG",36.6
"180195","AGGAATAAGACTGGGT","GGTATGCGGATGCAATCTCCGGGG",34.1333333333333
"180196","AGGAATAAGACTGGGT","GGTATGCGGATGCAATCCGGGG",31
"200907","ATCGTAGGTAGGAAAG","GGTATGCGGATGCAATCTCCGGGG",36.6
"200908","ATCGTAGGTAGGAAAG","GGTATGCGGATGCAATCTTCCGGGG",37
"200909","ATCGTAGGTAGGAAAG","GGTATGCGGATGCAATCTCCGGGG",35.2666666666667
"200910","ATCGTAGGTAGGAAAG","GGTATGCGGATGCAATCTCCGGGG",36.6
"200911","ATCGTAGGTAGGAAAG","GGTATGCGGATGCAATCTCCGGGG",37
"200912","ATCGTAGGTAGGAAAG","GGTATGCGGATGCAATCTTCCGGGG",36.6129032258064
"200913","ATCGTAGGTAGGAAAG","GGTATGCGGATGCAATCTTCCGGGG",37
"200914","ATCGTAGGTAGGAAAG","GGTATGCGGATGCAATCTCCGGGG",36.6
"203363","ATGACCACACTTTAGG","GGTATGCGGATGCAATCTCCGGGG",37
"203364","ATGACCACACTTTAGG","GGTATGCGGATGCAATCTCCGGGG",36.2
"203365","ATGACCACACTTTAGG","GGTATGCGGATGCAATCTCCGGGG",34.9333333333333
"203366","ATGACCACACTTTAGG","GGTATGCGGATGCAATCTCCGGGG",37
"203367","ATGACCACACTTTAGG","GGTATGCGGATGCAATCTCCGGGG",37
"203368","ATGACCACACTTTAGG","GGTATGCGGATGCAATCTCCGGGG",33.6666666666667
"203369","ATGACCACACTTTAGG","GGTATGCGGATGCAATCTCCGGGG",37
"203370","ATGACCACACTTTAGG","GGTATGCGGATGCAATCTCCGGGG",35.7333333333333
"203371","ATGACCACACTTTAGG","GGTATGCGGATGCAATCTCCGGGG",37
"203372","ATGACCACACTTTAGG","GGTATGCGGATGCAATCTCCGGGG",34.1333333333333
"203373","ATGACCACACTTTAGG","GGTATGCGGATGCAATCTCCGGGG",34.5333333333333
"203374","ATGACCACACTTTAGG","GGTATGCGGATGCAATCTCCGGGG",36.6
"203375","ATGACCACACTTTAGG","GGTATGCGGATGCAATCTCCGGGG",37
"203376","ATGACCACACTTTAGG","GGTATGCGGATGCAATCTCCGGGG",37
"203377","ATGACCACACTTTAGG","GGTATGCGGATGCAATCTCCGGGG",33.2
"203378","ATGACCACACTTTAGG","GGTATGCGGATGCAATCTCCGGGG",36.6
"203379","ATGACCACACTTTAGG","GGTATGCGGATGCAATCTCCGGGG",37
"203380","ATGACCACACTTTAGG","GGTATGCGGATGCAATCTCCGGGG",37
"203381","ATGACCACACTTTAGG","GGTATGCGGATGCAATCTCCGGGG",35.4
"203382","ATGACCACACTTTAGG","GGTATGCGGATGCAATCTCCGGGG",36.6
"203383","ATGACCACACTTTAGG","GGTATGCGGATGCAATCTCCGGGG",37
"203384","ATGACCACACTTTAGG","GGTATGCGGATGCAATCTCCGGGG",31.9333333333333
"203385","ATGACCACACTTTAGG","GGTATGCGGATGCAATCTCCGGGG",37
"203386","ATGACCACACTTTAGG","GGTATGCGGATGCAATCTCCGGGG",34.2
"203387","ATGACCACACTTTAGG","GGTATGCGGATGCAATCTCCGGGG",32.8
"203388","ATGACCACACTTTAGG","GGTATGCGGATGCAATCTCCGGGG",33.7333333333333
"203389","ATGACCACACTTTAGG","GGTATGCGGATGCAATCTCCGGGG",36.1333333333333
"203390","ATGACCACACTTTAGG","GGTATGCGGATGCAATCTCCGGGG",37
"203391","ATGACCACACTTTAGG","GGTATGCGGATGCAATCTCCGGGG",37
"203392","ATGACCACACTTTAGG","GGTATGCGGATGCAATCTCCGGGG",37
"203393","ATGACCACACTTTAGG","GGTATGCGGATGCAATCTCCGGGG",36.6
"203394","ATGACCACACTTTAGG","GGTATGCGGATGCAATCTCCGGGG",35.3333333333333
"203395","ATGACCACACTTTAGG","GGTATGCGGATGCAATCTCCGGGG",32.4
"203396","ATGACCACACTTTAGG","GGTATGCGGATGCAATCTCCGGGG",33.2666666666667
"203397","ATGACCACACTTTAGG","GGTATGCGGATGCAATCTCCGGGG",36.6
"203398","ATGACCACACTTTAGG","GGTATGCGGATGCAATCTCCGGGG",36.6
"203399","ATGACCACACTTTAGG","GGTATGCGGATGCAATCTCCGGGG",36.6
"203400","ATGACCACACTTTAGG","GGTATGCGGATGCAATCTCCGGGG",36.1333333333333
"203401","ATGACCACACTTTAGG","GGTATGCGGATGCAATCTCCGGGG",36.6
"203402","ATGACCACACTTTAGG","GGTATGCGGATGCAATCTCCGGGG",35.7333333333333
"203403","ATGACCACACTTTAGG","GGTATGCGGATGCAATCTCCGGGG",36.6
"203404","ATGACCACACTTTAGG","GGTATGCGGATGCAATCTCCGGGG",36.6
"203405","ATGACCACACTTTAGG","GGTATGCGGATGCAATCTCCGGGG",35.4
"203406","ATGACCACACTTTAGG","GGTATGCGGATGCAATCTCCGGGG",28
"203407","ATGACCACACTTTAGG","GGTATGCGGATGCAATCTCCGGGG",37
"203408","ATGACCACACTTTAGG","GGTATGCGGATGCAATCTCCGGGG",32.7333333333333
"203409","ATGACCACACTTTAGG","GGTATGCGGATGCAATCTCCGGGG",36.6
"203410","ATGACCACACTTTAGG","GGTATGCGGATGCAATCTCCGGGG",36.6
"203411","ATGACCACACTTTAGG","GGTATGCGGATGCAATCTCCGGGG",37
"203412","ATGACCACACTTTAGG","GGTATGCGGATGCAATCTCCGGGG",35
"203413","ATGACCACACTTTAGG","GGTATGCGGATGCAATCTCCGGGG",35.7333333333333
"203414","ATGACCACACTTTAGG","GGTATGCGGATGCAATCTCCGGGG",35.3333333333333
"203415","ATGACCACACTTTAGG","GGTATGCGGATGCAATCTCCGGGG",37
"203416","ATGACCACACTTTAGG","GGTATGCGGATGCAATCTCCGGGG",37
"203417","ATGACCACACTTTAGG","GGTATGCGGATGCAATCTCCGGGG",36.1333333333333
"203418","ATGACCACACTTTAGG","GGTATGCGGATGCAATCTCCGGGG",36.2
"203419","ATGACCACACTTTAGG","GGTATGCGGATGCAATCTCCGGGG",36.2
"203420","ATGACCACACTTTAGG","GGTATGCGGATGCAATCTCCGGGG",35
"203421","ATGACCACACTTTAGG","GGTATGCGGATGCAATCTCCGGGG",37
"203422","ATGACCACACTTTAGG","GGTATGCGGATGCAATCTCCGGGG",31.9333333333333
"203423","ATGACCACACTTTAGG","GGTATGCGGATGCAATCTCCGGGG",35.3333333333333
"203424","ATGACCACACTTTAGG","GGTATGCGGATGCAATCTCCGGGG",34.5333333333333
"203425","ATGACCACACTTTAGG","GGTATGCGGATGCAATCTCCGGGG",37
"203426","ATGACCACACTTTAGG","GGTATGCGGATGCAATCTCCGGGG",37
"203427","ATGACCACACTTTAGG","GGTATGCGGATGCAATCTCCGGGG",37
"203428","ATGACCACACTTTAGG","GGTATGCGGATGCAATCTCCGGGG",37
"203429","ATGACCACACTTTAGG","GGTATGCGGATGCAATCTCCGGGG",35.4
"203430","ATGACCACACTTTAGG","GGTATGCGGATGCAATCTCCGGGG",35.8
"203431","ATGACCACACTTTAGG","GGTATGCGGATGCAATCTCCGGGG",37
"203432","ATGACCACACTTTAGG","GGTATGCGGATGCAATCTCCGGGG",37
"203433","ATGACCACACTTTAGG","GGTATGCGGATGCAATCTCCGGGG",37
"203434","ATGACCACACTTTAGG","GGTATGCGGATGCAATCTCCGGGG",36.6
"203435","ATGACCACACTTTAGG","GGTATGCGGATGCAATCTCCGGGG",33.2666666666667
"203436","ATGACCACACTTTAGG","GGTATGCGGATGCAATCTCCGGGG",34.0666666666667
"203437","ATGACCACACTTTAGG","GGTATGCGGATGCAATCTCCGGGG",36.6
"203438","ATGACCACACTTTAGG","GGTATGCGGATGCAATCTCCGGGG",30.7333333333333
"203439","ATGACCACACTTTAGG","GGTATGCGGATGCAATCTCCGGGG",37
"203440","ATGACCACACTTTAGG","GGTATGCGGATGCAATCTCCGGGG",37
"203441","ATGACCACACTTTAGG","GGTATGCGGATGCAATCTCCGGGG",35.3333333333333
"203442","ATGACCACACTTTAGG","GGTATGCGGATGCAATCTCCGGGG",37
"203443","ATGACCACACTTTAGG","GGTATGCGGATGCAATCTCCGGGG",37
"203444","ATGACCACACTTTAGG","GGTATGCGGATGCAATCTCCGGGG",37
"203445","ATGACCACACTTTAGG","GGTATGCGGATGCAATCTCCGGGG",33.6666666666667
"203446","ATGACCACACTTTAGG","GGTATGCGGATGCAATCTCCGGGG",34.4666666666667
"203447","ATGACCACACTTTAGG","GGTATGCGGATGCAATCTCCGGGG",31.5333333333333
"203448","ATGACCACACTTTAGG","GGTATGCGGATGCAATCTCCGGGG",31.9333333333333
"203449","ATGACCACACTTTAGG","GGTATGCGGATGCAATCTCCGGGG",36.6
"203450","ATGACCACACTTTAGG","GGTATGCGGATGCAATCTCCGGGG",31.9333333333333
"203451","ATGACCACACTTTAGG","GGTATGCGGATGCAATCTCCGGGG",37
"203452","ATGACCACACTTTAGG","GGTATGCGGATGCAATCTCCGGGG",36.2
"203453","ATGACCACACTTTAGG","GGTATGCGGATGCAATCTCCGGGG",32.8666666666667
"203454","ATGACCACACTTTAGG","GGTATGCGGATGCAATCTCCGGGG",37
"203455","ATGACCACACTTTAGG","GGTATGCGGATGCAATCTCCGGGG",37
"203456","ATGACCACACTTTAGG","GGTATGCGGATGCAATCTCCGGGG",33.6
"203457","ATGACCACACTTTAGG","GGTATGCGGATGCAATCTCCGGGG",33.2666666666667
"203458","ATGACCACACTTTAGG","GGTATGCGGATGCAATCTCCGGGG",37
"203459","ATGACCACACTTTAGG","GGTATGCGGATGCAATCTCCGGGG",37
"203460","ATGACCACACTTTAGG","GGTATGCGGATGCAATCTCCGGGG",37
"203461","ATGACCACACTTTAGG","GGTATGCGGATGCAATCTCCGGGG",31.4666666666667
"203462","ATGACCACACTTTAGG","GGTATGCGGATGCAATCTCCGGGG",37
"203463","ATGACCACACTTTAGG","GGTATGCGGATGCAATCTCCGGGG",36.1333333333333
"203464","ATGACCACACTTTAGG","GGTATGCGGATGCAATCTCCGGGG",36.6
"203465","ATGACCACACTTTAGG","GGTATGCGGATGCAATCTCCGGGG",36.6
"203466","ATGACCACACTTTAGG","GGTATGCGGATGCAATCTCCGGGG",34.9333333333333
"203467","ATGACCACACTTTAGG","GGTATGCGGATGCAATCTCCGGGG",37
"203468","ATGACCACACTTTAGG","GGTATGCGGATGCAATCTCCGGGG",37
"203469","ATGACCACACTTTAGG","GGTATGCGGATGCAATCTCCGGGG",36.1333333333333
"203470","ATGACCACACTTTAGG","GGTATGCGGATGCAATCTCCGGGG",34.9333333333333
"203471","ATGACCACACTTTAGG","GGTATGCGGATGCAATCTCCGGGG",36.6
"203472","ATGACCACACTTTAGG","GGTATGCGGATGCAATCTCCGGGG",37
"203473","ATGACCACACTTTAGG","GGTATGCGGATGCAATCTCCGGGG",34.6
"203474","ATGACCACACTTTAGG","GGTATGCGGATGCAATCTCCGGGG",37
"203475","ATGACCACACTTTAGG","GGTATGCGGATGCAATCTCCGGGG",37
"203476","ATGACCACACTTTAGG","GGTATGCGGATGCAATCTCCGGGG",36.6
"203477","ATGACCACACTTTAGG","GGTATGCGGATGCAATCTCCGGGG",32.4666666666667
"203478","ATGACCACACTTTAGG","GGTATGCGGATGCAATCTCCGGGG",36.6
"203479","ATGACCACACTTTAGG","GGTATGCGGATGCAATCTCCGGGG",34.9333333333333
"203480","ATGACCACACTTTAGG","GGTATGCGGATGCAATCTCCGGGG",37
"203481","ATGACCACACTTTAGG","GGTATGCGGATGCAATCTCCGGGG",37
"203482","ATGACCACACTTTAGG","GGTATGCGGATGCAATCTCCGGGG",37
"203483","ATGACCACACTTTAGG","GGTATGCGGATGCAATCTCCGGGG",37
"203484","ATGACCACACTTTAGG","GGTATGCGGATGCAATCTCCGGGG",37
"203485","ATGACCACACTTTAGG","GGTATGCGGATGCAATCTCCGGGG",36.6
"203486","ATGACCACACTTTAGG","GGTATGCGGATGCAATCTCCGGGG",35.3333333333333
"203487","ATGACCACACTTTAGG","GGTATGCGGATGCAATCTCCGGGG",37
"203488","ATGACCACACTTTAGG","GGTATGCGGATGCAATCTCCGGGG",35.8
"203489","ATGACCACACTTTAGG","GGTATGCGGATGCAATCTCCGGGG",31.4666666666667
"203490","ATGACCACACTTTAGG","GGTATGCGGATGCAATCTCCGGGG",35
"203491","ATGACCACACTTTAGG","GGTATGCGGATGCAATCTCCGGGG",36.6
"203492","ATGACCACACTTTAGG","GGTATGCGGATGCAATCTCCGGGG",36.1333333333333
"203493","ATGACCACACTTTAGG","GGTATGCGGATGCAATCTCCGGGG",34.5333333333333
"203494","ATGACCACACTTTAGG","GGTATGCGGATGCAATCTCCGGGG",37
"203495","ATGACCACACTTTAGG","GGTATGCGGATGCAATCTCCGGGG",36.6
"203496","ATGACCACACTTTAGG","GGTATGCGGATGCAATCTCCGGGG",37
"203497","ATGACCACACTTTAGG","GGTATGCGGATGCAATCTCCGGGG",34.0666666666667
"203498","ATGACCACACTTTAGG","GGTATGCGGATGCAATCTCCGGGG",36.6
"203499","ATGACCACACTTTAGG","GGTATGCGGATGCAATCTCCGGGG",37
"203500","ATGACCACACTTTAGG","GGTATGCGGATGCAATCTCCGGGG",31.1333333333333
"203501","ATGACCACACTTTAGG","GGTATGCGGATGCAATCTCCGGGG",37
"203502","ATGACCACACTTTAGG","GGTATGCGGATGCAATCTCCGGGG",36.6
"203503","ATGACCACACTTTAGG","GGTATGCGGATGCAATCTCCGGGG",36.6
"203504","ATGACCACACTTTAGG","GGTATGCGGATGCAATCTCCGGGG",35.7333333333333
"203505","ATGACCACACTTTAGG","GGTATGCGGATGCAATCTCCGGGG",37
"203506","ATGACCACACTTTAGG","GGTATGCGGATGCAATCTCCGGGG",35.8
"203507","ATGACCACACTTTAGG","GGTATGCGGATGCAATCTCCGGGG",37
"203508","ATGACCACACTTTAGG","GGTATGCGGATGCAATCTCCGGGG",36.6
"203509","ATGACCACACTTTAGG","GGTATGCGGATGCAATCTCCGGGG",35.8
"203510","ATGACCACACTTTAGG","GGTATGCGGATGCAATCTCCGGGG",37
"203511","ATGACCACACTTTAGG","GGTATGCGGATGCAATCTCCGGGG",37
"203512","ATGACCACACTTTAGG","GGTATGCGGATGCAATCTCCGGGG",33.4
"203513","ATGACCACACTTTAGG","GGTATGCGGATGCAATCTCCGGGG",34.5333333333333
"203514","ATGACCACACTTTAGG","GGTATGCGGATGCAATCTCCGGGG",34.9333333333333
"203515","ATGACCACACTTTAGG","GGTATGCGGATGCAATCTCCGGGG",35.8
"203516","ATGACCACACTTTAGG","GGTATGCGGATGCAATCTCCGGGG",36.1333333333333
"203517","ATGACCACACTTTAGG","GGTATGCGGATGCAATCTCCGGGG",37
"203518","ATGACCACACTTTAGG","GGTATGCGGATGCAATCTCCGGGG",36.1333333333333
"203519","ATGACCACACTTTAGG","GGTATGCGGATGCAATCTCCGGGG",34.9333333333333
"203520","ATGACCACACTTTAGG","GGTATGCGGATGCAATCTCCGGGG",37
"203521","ATGACCACACTTTAGG","GGTATGCGGATGCAATCTCCGGGG",34.5333333333333
"203522","ATGACCACACTTTAGG","GGTATGCGGATGCAATCTCCGGGG",36.2
"203523","ATGACCACACTTTAGG","GGTATGCGGATGCAATCTCCGGGG",32.8
"203524","ATGACCACACTTTAGG","GGTATGCGGATGCAATCTCCGGGG",34.9333333333333
"203525","ATGACCACACTTTAGG","GGTATGCGGATGCAATCTCCGGGG",36.6
"203526","ATGACCACACTTTAGG","GGTATGCGGATGCAATCTCCGGGG",37
"203527","ATGACCACACTTTAGG","GGTATGCGGATGCAATCTCCGGGG",37
"203528","ATGACCACACTTTAGG","GGTATGCGGATGCAATCTCCGGGG",37
"203529","ATGACCACACTTTAGG","GGTATGCGGATGCAATCTCCGGGG",37
"203530","ATGACCACACTTTAGG","GGTATGCGGATGCAATCTCCGGGG",37
"203531","ATGACCACACTTTAGG","GGTATGCGGATGCAATCTCCGGGG",37
"203532","ATGACCACACTTTAGG","GGTATGCGGATGCAATCTCCGGGG",37
"203533","ATGACCACACTTTAGG","GGTATGCGGATGCAATCTCCGGGG",37
"203534","ATGACCACACTTTAGG","GGTATGCGGATGCAATCTCCGGGG",37
"203535","ATGACCACACTTTAGG","GGTATGCGGATGCAATCTCCGGGG",36.1333333333333
"203536","ATGACCACACTTTAGG","GGTATGCGGATGCAATCTCCGGGG",29
"203537","ATGACCACACTTTAGG","GGTATGCGGATGCAATCTCCGGGG",37
"203538","ATGACCACACTTTAGG","GGTATGCGGATGCAATCTCCGGGG",34.6
"203539","ATGACCACACTTTAGG","GGTATGCGGATGCAATCTCCGGGG",31.5333333333333
"203540","ATGACCACACTTTAGG","GGTATGCGGATGCAATCTCCGGGG",37
"203541","ATGACCACACTTTAGG","GGTATGCGGATGCAATCTCCGGGG",36.2
"203542","ATGACCACACTTTAGG","GGTATGCGGATGCAATCTCCGGGG",37
"203543","ATGACCACACTTTAGG","GGTATGCGGATGCAATCTCCGGGG",37
"203544","ATGACCACACTTTAGG","GGTATGCGGATGCAATCTCCGGGG",37
"203545","ATGACCACACTTTAGG","GGTATGCGGATGCAATCTCCGGGG",37
"203546","ATGACCACACTTTAGG","GGTATGCGGATGCAATCTCCGGGG",36.6
"203547","ATGACCACACTTTAGG","GGTATGCGGATGCAATCTCCGGGG",37
"203548","ATGACCACACTTTAGG","GGTATGCGGATGCAATCTCCGGGG",37
"203549","ATGACCACACTTTAGG","GGTATGCGGATGCAATCTCCGGGG",33.6666666666667
"203550","ATGACCACACTTTAGG","GGTATGCGGATGCAATCTCCGGGG",36.6
"203551","ATGACCACACTTTAGG","GGTATGCGGATGCAATCTCCGGGG",36.6
"203552","ATGACCACACTTTAGG","GGTATGCGGATGCAATCTCCGGGG",36.6
"203553","ATGACCACACTTTAGG","GGTATGCGGATGCAATCTCCGGGG",34.0666666666667
"203554","ATGACCACACTTTAGG","GGTATGCGGATGCAATCTCCGGGG",37
"203555","ATGACCACACTTTAGG","GGTATGCGGATGCAATCTCCGGGG",36.1333333333333
"203556","ATGACCACACTTTAGG","GGTATGCGGATGCAATCTCCGGGG",37
"203557","ATGACCACACTTTAGG","GGTATGCGGATGCAATCTCCGGGG",36.1333333333333
"203558","ATGACCACACTTTAGG","GGTATGCGGATGCAATCTCCGGGG",34.1333333333333
"203559","ATGACCACACTTTAGG","GGTATGCGGATGCAATCTCCGGGG",37
"203560","ATGACCACACTTTAGG","GGTATGCGGATGCAATCTCCGGGG",37
"203561","ATGACCACACTTTAGG","GGTATGCGGATGCAATCTCCGGGG",36.6
"203562","ATGACCACACTTTAGG","GGTATGCGGATGCAATCTCCGGGG",37
"203563","ATGACCACACTTTAGG","GGTATGCGGATGCAATCTCCGGGG",37
"203564","ATGACCACACTTTAGG","GGTATGCGGATGCAATCTCCGGGG",34.1333333333333
"203565","ATGACCACACTTTAGG","GGTATGCGGATGCAATCTCCGGGG",37
"203566","ATGACCACACTTTAGG","GGTATGCGGATGCAATCTCCGGGG",37
"203567","ATGACCACACTTTAGG","GGTATGCGGATGCAATCTCCGGGG",34.5333333333333
"203568","ATGACCACACTTTAGG","GGTATGCGGATGCAATCTCCGGGG",37
"203569","ATGACCACACTTTAGG","GGTATGCGGATGCAATCTCCGGGG",33.2
"203570","ATGACCACACTTTAGG","GGTATGCGGATGCAATCTCCGGGG",37
"203571","ATGACCACACTTTAGG","GGTATGCGGATGCAATCTCCGGGG",34.5333333333333
"203572","ATGACCACACTTTAGG","GGTATGCGGATGCAATCTCCGGGG",37
"203573","ATGACCACACTTTAGG","GGTATGCGGATGCAATCTCCGGGG",37
"203574","ATGACCACACTTTAGG","GGTATGCGGATGCAATCTCCGGGG",37
"203575","ATGACCACACTTTAGG","GGTATGCGGATGCAATCTCCGGGG",32.5333333333333
"203576","ATGACCACACTTTAGG","GGTATGCGGATGCAATCTCCGGGG",37
"203577","ATGACCACACTTTAGG","GGTATGCGGATGCAATCTCCGGGG",34.5333333333333
"203578","ATGACCACACTTTAGG","GGTATGCGGATGCAATCTCCGGGG",35.7333333333333
"203579","ATGACCACACTTTAGG","GGTATGCGGATGCAATCTCCGGGG",36.6
"203580","ATGACCACACTTTAGG","GGTATGCGGATGCAATCTCCGGGG",37
"203581","ATGACCACACTTTAGG","GGTATGCGGATGCAATCTCCGGGG",34.9333333333333
"203582","ATGACCACACTTTAGG","GGTATGCGGATGCAATCTCCGGGG",35.3333333333333
"238356","CATCAAGCACCTTCGT","GGTATGCGGATGCAATCTTCCGGGG",31.7096774193548
"282766","CTCAACCTCAGACCTA","GGTATGCGGATGCAATCTCCGGGG",31.2666666666667
"282767","CTCAACCTCAGACCTA","GGTATGCGGATGCAATCTCCGGGG",36.2
"282768","CTCAACCTCAGACCTA","GGTATGCGGATGCAATCTCCGGGG",36.1333333333333
"282769","CTCAACCTCAGACCTA","GGTATGCGGATGCAATCTCCGGGG",37
